{"train_loss": 0.8002836108207703, "_timestamp": 1680693550.895724, "_runtime": 46.10604214668274, "_step": 0, "_wandb": {"runtime": 45}}