{"train_loss": 0.7845374792814255, "_timestamp": 1680693823.328337, "_runtime": 170.36318397521973, "_step": 4, "plot": {"_type": "image-file", "sha256": "97a84791f111c75488c0444cf2faebc8ca3e34a07e6c8323bba816da5ed66e10", "size": 433564, "path": "media/images/plot_1_97a84791f111c75488c0.png", "format": "png", "width": 1500, "height": 500}, "test_score": 0.21512804472392114, "background": 0.6395301222801208, "lumen": 0.004702372010797262, "thrombus": 0.0011516398808453232}