{"train_loss": 1.1702966485704696, "_timestamp": 1682174905.2016208, "_runtime": 26.6251437664032, "_step": 0, "_wandb": {"runtime": 34}}