{"train_loss": 0.6664706975221634, "_timestamp": 1682285954.6451302, "_runtime": 1005.7324721813202, "_step": 18, "_wandb": {"runtime": 1118}}