{"train_loss": 1.196837534223284, "_timestamp": 1682175123.8613925, "_runtime": 27.61219048500061, "_step": 0, "_wandb": {"runtime": 9017}}