{"train_loss": 0.7997158318758011, "_timestamp": 1680693909.9860804, "_runtime": 45.925522327423096, "_step": 0}