{"train_loss": 0.7749605774879456, "_timestamp": 1680693469.370709, "_runtime": 176.97617888450623, "_step": 3}