{"train_loss": 0.8503120988607407, "_timestamp": 1680694389.7247412, "_runtime": 44.761125326156616, "_step": 0}